{"skeleton":{"hash":"SAktEE5m5tidGOME/pza9/e0Vl8","spine":"3.6.38","width":402,"height":818,"images":"D:/Users/tomas/Desktop/Zombie Smash/Zombie 1/Png's/Zombie1"},"bones":[{"name":"root"},{"name":"Body","parent":"root","length":199.24,"rotation":92.35,"x":-18.13,"y":298.48},{"name":"ShoulderL","parent":"Body","length":89.4,"rotation":106.63,"x":196.48,"y":-0.8},{"name":"ArmL","parent":"ShoulderL","length":192.42,"rotation":156.41,"x":89.97,"y":-1.16},{"name":"ShoulderR","parent":"Body","length":66.81,"rotation":-107.33,"x":198.41,"y":1.85},{"name":"ArmR","parent":"ShoulderR","length":121.77,"rotation":8.12,"x":54.92,"y":-1.3},{"name":"Head","parent":"Body","length":214.57,"rotation":-3.57,"x":196.55,"y":1.02},{"name":"Underwear","parent":"Body","length":81.31,"rotation":93.42,"x":-9.95,"y":1.32},{"name":"LegL","parent":"Underwear","length":267.94,"rotation":95.57,"x":55.72,"y":-0.15},{"name":"Underwear2","parent":"Body","length":79.27,"rotation":-88.41,"x":-10.9,"y":0.45},{"name":"LegR","parent":"Underwear2","length":255.59,"rotation":-91.91,"x":57.63,"y":3.31}],"slots":[{"name":"Arm","bone":"ArmR","attachment":"Arm"},{"name":"Leg","bone":"LegR","attachment":"Leg"},{"name":"Body","bone":"Body","attachment":"Body"},{"name":"HeadV2","bone":"Head","attachment":"HeadV2"},{"name":"Arm - Copy","bone":"ArmL","attachment":"Arm - Copy"},{"name":"UnderWear","bone":"Underwear","attachment":"UnderWear"},{"name":"Leg - Copy","bone":"LegL","attachment":"Leg - Copy"}],"skins":{"default":{"Arm":{"Arm":{"x":70.82,"y":-6.76,"rotation":6.86,"width":238,"height":82}},"Arm - Copy":{"Arm - Copy":{"x":134.24,"y":-4.36,"rotation":4.61,"width":238,"height":82}},"Body":{"Body":{"x":95.53,"y":9.85,"rotation":-92.35,"width":198,"height":295}},"HeadV2":{"HeadV2":{"x":153.46,"y":12.93,"rotation":-88.79,"width":304,"height":301}},"Leg":{"Leg":{"x":149.85,"y":-1.86,"rotation":87.96,"width":131,"height":308}},"Leg - Copy":{"Leg - Copy":{"x":150.05,"y":-4.52,"rotation":78.65,"width":131,"height":308}},"UnderWear":{"UnderWear":{"x":2.55,"y":6.74,"rotation":174.56,"width":186,"height":55}}}},"animations":{"animation":{"bones":{"LegL":{"rotate":[{"time":0,"angle":-39.49},{"time":0.6667,"angle":42.32},{"time":1.1667,"angle":-27.64},{"time":1.4333,"angle":-44.28}],"translate":[{"time":0,"x":-16.95,"y":8.01}]},"LegR":{"rotate":[{"time":0,"angle":31.91},{"time":0.6667,"angle":-56.22},{"time":1.1667,"angle":12.15},{"time":1.4,"angle":37.09}],"translate":[{"time":0,"x":-20.35,"y":-3.62}]},"Body":{"rotate":[{"time":0,"angle":-3.54},{"time":0.5,"angle":-6.64},{"time":0.8333,"angle":-2.27},{"time":1.1667,"angle":1.19},{"time":1.4,"angle":-4.73}]},"ShoulderL":{"rotate":[{"time":0,"angle":-4.15}]},"ArmL":{"rotate":[{"time":0,"angle":-14.67},{"time":0.3333,"angle":-332.67},{"time":0.6667,"angle":-17.04},{"time":1,"angle":-330.97},{"time":1.3333,"angle":-18.92}]},"ArmR":{"rotate":[{"time":0,"angle":18.32},{"time":0.3333,"angle":-14.3},{"time":0.6667,"angle":25.6},{"time":1,"angle":-10.51},{"time":1.3333,"angle":24.88}]},"Head":{"rotate":[{"time":0,"angle":3.65},{"time":0.2333,"angle":-5.91},{"time":0.6333,"angle":4.58},{"time":1,"angle":-13.57},{"time":1.3333,"angle":3.35}]},"Underwear":{"translate":[{"time":0,"x":-7.52,"y":0.11},{"time":1.1,"x":-6.26,"y":0.09}]},"root":{"translate":[{"time":0,"x":0,"y":5.01},{"time":0.3667,"x":1.25,"y":27.57},{"time":0.8,"x":5.01,"y":-2.51},{"time":1.1667,"x":7.52,"y":25.06},{"time":1.4,"x":-1.25,"y":5.01}]}}}}}